<application>
  <component name="com.intellij.ide.ui.customization.CustomActionsSchema">
    <group value="Compare.SameVersion" is_action="true" action_type="1" position="1">
      <path value="root" />
      <path value="Main Toolbar" />
      <path value="Left" />
      <path value="VCS Group" />
    </group>
    <group value="Synchronize" is_action="true" action_type="1" position="1">
      <path value="root" />
      <path value="Main Toolbar" />
      <path value="Left" />
      <path value="General Actions" />
    </group>
    <group value="Vcs.UpdateProject" is_action="true" action_type="1" position="2">
      <path value="root" />
      <path value="Main Toolbar" />
      <path value="Left" />
      <path value="VCS Group" />
    </group>
    <group value="ChangesView.Revert" is_action="true" action_type="1" position="3">
      <path value="root" />
      <path value="Main Toolbar" />
      <path value="Left" />
      <path value="VCS Group" />
    </group>
    <group value="Vcs.ShowTabbedFileHistory" is_action="true" action_type="1" position="4">
      <path value="root" />
      <path value="Main Toolbar" />
      <path value="Left" />
      <path value="VCS Group" />
    </group>
  </component>
</application>