<application>
  <component name="LocalDatabaseDriverManager" version="201">
    <driver id="sqlite.xerial">
      <artifact id="Xerial SQLiteJDBC" name="Xerial SQLiteJDBC" use="true" version="3.45.1" />
    </driver>
    <driver id="postgresql">
      <artifact id="PostgreSQL" name="PostgreSQL" use="true" version="42.7.3" />
    </driver>
    <driver id="8c86edb4-1794-4380-b79d-3008f41a8023" name="dev driver" dialect="SQLite" driver-class="org.sqlite.JDBC" icon="AllIcons.Providers.Sqlite">
      <url-template name="default" template="jdbc:sqlite:!(:memory:){file:sqlite_db_file:identifier.sqlite}?[\?nolock={NOLOCK:#param}]" />
      <url-template name="In-memory" template="jdbc:sqlite::memory:" />
      <artifact id="Xerial SQLiteJDBC" name="Xerial SQLiteJDBC" use="true" version="3.45.1" />
      <property name="enable_load_extension" value="true" />
      <property name="date_class" value="TEXT" />
      <library>
        <url>file://$APPLICATION_CONFIG_DIR$/jdbc-drivers/Xerial SQLiteJDBC/3.45.1/license.txt</url>
      </library>
      <library>
        <url>file://$APPLICATION_CONFIG_DIR$/jdbc-drivers/Xerial SQLiteJDBC/3.45.1/org/slf4j/slf4j-parent/1.7.36/slf4j-parent-1.7.36.pom.sha1</url>
      </library>
      <library>
        <url>file://$APPLICATION_CONFIG_DIR$/jdbc-drivers/Xerial SQLiteJDBC/3.45.1/org/slf4j/slf4j-parent/1.7.36/_remote.repositories</url>
      </library>
      <library>
        <url>file://$APPLICATION_CONFIG_DIR$/jdbc-drivers/Xerial SQLiteJDBC/3.45.1/org/slf4j/slf4j-parent/1.7.36/slf4j-parent-1.7.36.pom</url>
      </library>
      <library>
        <url>file://$APPLICATION_CONFIG_DIR$/jdbc-drivers/Xerial SQLiteJDBC/3.45.1/org/slf4j/slf4j-api/1.7.36/slf4j-api-1.7.36.jar.sha1</url>
      </library>
      <library>
        <url>file://$APPLICATION_CONFIG_DIR$/jdbc-drivers/Xerial SQLiteJDBC/3.45.1/org/slf4j/slf4j-api/1.7.36/slf4j-api-1.7.36.jar</url>
      </library>
      <library>
        <url>file://$APPLICATION_CONFIG_DIR$/jdbc-drivers/Xerial SQLiteJDBC/3.45.1/org/slf4j/slf4j-api/1.7.36/_remote.repositories</url>
      </library>
      <library>
        <url>file://$APPLICATION_CONFIG_DIR$/jdbc-drivers/Xerial SQLiteJDBC/3.45.1/org/slf4j/slf4j-api/1.7.36/slf4j-api-1.7.36.pom</url>
      </library>
      <library>
        <url>file://$APPLICATION_CONFIG_DIR$/jdbc-drivers/Xerial SQLiteJDBC/3.45.1/org/slf4j/slf4j-api/1.7.36/slf4j-api-1.7.36.pom.sha1</url>
      </library>
      <library>
        <url>file://$APPLICATION_CONFIG_DIR$/jdbc-drivers/Xerial SQLiteJDBC/3.45.1/org/xerial/sqlite-jdbc/3.45.1.0/sqlite-jdbc-3.45.1.0.jar.sha1</url>
      </library>
      <library>
        <url>file://$APPLICATION_CONFIG_DIR$/jdbc-drivers/Xerial SQLiteJDBC/3.45.1/org/xerial/sqlite-jdbc/3.45.1.0/sqlite-jdbc-3.45.1.0.jar</url>
      </library>
      <library>
        <url>file://$APPLICATION_CONFIG_DIR$/jdbc-drivers/Xerial SQLiteJDBC/3.45.1/org/xerial/sqlite-jdbc/3.45.1.0/sqlite-jdbc-3.45.1.0.pom.sha1</url>
      </library>
      <library>
        <url>file://$APPLICATION_CONFIG_DIR$/jdbc-drivers/Xerial SQLiteJDBC/3.45.1/org/xerial/sqlite-jdbc/3.45.1.0/_remote.repositories</url>
      </library>
      <library>
        <url>file://$APPLICATION_CONFIG_DIR$/jdbc-drivers/Xerial SQLiteJDBC/3.45.1/org/xerial/sqlite-jdbc/3.45.1.0/sqlite-jdbc-3.45.1.0.pom</url>
      </library>
    </driver>
  </component>
</application>