<application>
  <component name="CssEmmetOptions">
    <option name="prefixes">
      <map>
        <entry key="accelerator" value="0" />
        <entry key="accesskey" value="0" />
        <entry key="animation" value="0" />
        <entry key="animation-delay" value="0" />
        <entry key="animation-direction" value="0" />
        <entry key="animation-duration" value="0" />
        <entry key="animation-fill-mode" value="0" />
        <entry key="animation-iteration-count" value="0" />
        <entry key="animation-name" value="0" />
        <entry key="animation-play-state" value="0" />
        <entry key="animation-timing-function" value="0" />
        <entry key="appearance" value="0" />
        <entry key="backface-visibility" value="0" />
        <entry key="background-clip" value="0" />
        <entry key="background-composite" value="0" />
        <entry key="background-inline-policy" value="0" />
        <entry key="background-origin" value="0" />
        <entry key="background-position-x" value="0" />
        <entry key="background-position-y" value="0" />
        <entry key="background-size" value="0" />
        <entry key="behavior" value="0" />
        <entry key="binding" value="0" />
        <entry key="block-progression" value="0" />
        <entry key="border-bottom-colors" value="0" />
        <entry key="border-fit" value="0" />
        <entry key="border-horizontal-spacing" value="0" />
        <entry key="border-image" value="0" />
        <entry key="border-left-colors" value="0" />
        <entry key="border-radius" value="0" />
        <entry key="border-right-colors" value="0" />
        <entry key="border-top-colors" value="0" />
        <entry key="border-vertical-spacing" value="0" />
        <entry key="box-align" value="0" />
        <entry key="box-direction" value="0" />
        <entry key="box-flex" value="0" />
        <entry key="box-flex-group" value="0" />
        <entry key="box-line-progression" value="0" />
        <entry key="box-lines" value="0" />
        <entry key="box-ordinal-group" value="0" />
        <entry key="box-orient" value="0" />
        <entry key="box-pack" value="0" />
        <entry key="box-reflect" value="0" />
        <entry key="box-shadow" value="0" />
        <entry key="box-sizing" value="0" />
        <entry key="color-correction" value="0" />
        <entry key="column-break-after" value="0" />
        <entry key="column-break-before" value="0" />
        <entry key="column-break-inside" value="0" />
        <entry key="column-count" value="0" />
        <entry key="column-gap" value="0" />
        <entry key="column-rule-color" value="0" />
        <entry key="column-rule-style" value="0" />
        <entry key="column-rule-width" value="0" />
        <entry key="column-span" value="0" />
        <entry key="column-width" value="0" />
        <entry key="content-zoom-boundary" value="0" />
        <entry key="content-zoom-boundary-max" value="0" />
        <entry key="content-zoom-boundary-min" value="0" />
        <entry key="content-zoom-chaining" value="0" />
        <entry key="content-zoom-snap" value="0" />
        <entry key="content-zoom-snap-points" value="0" />
        <entry key="content-zoom-snap-type" value="0" />
        <entry key="content-zooming" value="0" />
        <entry key="dashboard-region" value="0" />
        <entry key="filter" value="0" />
        <entry key="float-edge" value="0" />
        <entry key="flow-from" value="0" />
        <entry key="flow-into" value="0" />
        <entry key="font-feature-settings" value="0" />
        <entry key="font-language-override" value="0" />
        <entry key="font-smoothing" value="0" />
        <entry key="force-broken-image-icon" value="0" />
        <entry key="grid-column" value="0" />
        <entry key="grid-column-align" value="0" />
        <entry key="grid-column-span" value="0" />
        <entry key="grid-columns" value="0" />
        <entry key="grid-layer" value="0" />
        <entry key="grid-row" value="0" />
        <entry key="grid-row-align" value="0" />
        <entry key="grid-row-span" value="0" />
        <entry key="grid-rows" value="0" />
        <entry key="high-contrast-adjust" value="0" />
        <entry key="highlight" value="0" />
        <entry key="hyphenate-character" value="0" />
        <entry key="hyphenate-limit-after" value="0" />
        <entry key="hyphenate-limit-before" value="0" />
        <entry key="hyphenate-limit-chars" value="0" />
        <entry key="hyphenate-limit-lines" value="0" />
        <entry key="hyphenate-limit-zone" value="0" />
        <entry key="hyphens" value="0" />
        <entry key="image-region" value="0" />
        <entry key="ime-mode" value="0" />
        <entry key="input-format" value="0" />
        <entry key="input-required" value="0" />
        <entry key="interpolation-mode" value="0" />
        <entry key="layout-flow" value="0" />
        <entry key="layout-grid" value="0" />
        <entry key="layout-grid-char" value="0" />
        <entry key="layout-grid-line" value="0" />
        <entry key="layout-grid-mode" value="0" />
        <entry key="layout-grid-type" value="0" />
        <entry key="line-box-contain" value="0" />
        <entry key="line-break" value="0" />
        <entry key="line-clamp" value="0" />
        <entry key="link" value="0" />
        <entry key="link-source" value="0" />
        <entry key="locale" value="0" />
        <entry key="margin-after-collapse" value="0" />
        <entry key="margin-before-collapse" value="0" />
        <entry key="marquee-dir" value="0" />
        <entry key="marquee-direction" value="0" />
        <entry key="marquee-increment" value="0" />
        <entry key="marquee-loop" value="0" />
        <entry key="marquee-repetition" value="0" />
        <entry key="marquee-speed" value="0" />
        <entry key="marquee-style" value="0" />
        <entry key="mask-attachment" value="0" />
        <entry key="mask-box-image" value="0" />
        <entry key="mask-box-image-outset" value="0" />
        <entry key="mask-box-image-repeat" value="0" />
        <entry key="mask-box-image-slice" value="0" />
        <entry key="mask-box-image-source" value="0" />
        <entry key="mask-box-image-width" value="0" />
        <entry key="mask-clip" value="0" />
        <entry key="mask-composite" value="0" />
        <entry key="mask-image" value="0" />
        <entry key="mask-origin" value="0" />
        <entry key="mask-position" value="0" />
        <entry key="mask-repeat" value="0" />
        <entry key="mask-size" value="0" />
        <entry key="nbsp-mode" value="0" />
        <entry key="object-fit" value="0" />
        <entry key="object-position" value="0" />
        <entry key="orient" value="0" />
        <entry key="outline-radius-bottomleft" value="0" />
        <entry key="outline-radius-bottomright" value="0" />
        <entry key="outline-radius-topleft" value="0" />
        <entry key="outline-radius-topright" value="0" />
        <entry key="overflow-style" value="0" />
        <entry key="perspective" value="0" />
        <entry key="perspective-origin" value="0" />
        <entry key="perspective-origin-x" value="0" />
        <entry key="perspective-origin-y" value="0" />
        <entry key="rtl-ordering" value="0" />
        <entry key="scroll-boundary" value="0" />
        <entry key="scroll-boundary-bottom" value="0" />
        <entry key="scroll-boundary-left" value="0" />
        <entry key="scroll-boundary-right" value="0" />
        <entry key="scroll-boundary-top" value="0" />
        <entry key="scroll-chaining" value="0" />
        <entry key="scroll-rails" value="0" />
        <entry key="scroll-snap-points-x" value="0" />
        <entry key="scroll-snap-points-y" value="0" />
        <entry key="scroll-snap-type" value="0" />
        <entry key="scroll-snap-x" value="0" />
        <entry key="scroll-snap-y" value="0" />
        <entry key="scrollbar-arrow-color" value="0" />
        <entry key="scrollbar-base-color" value="0" />
        <entry key="scrollbar-darkshadow-color" value="0" />
        <entry key="scrollbar-face-color" value="0" />
        <entry key="scrollbar-highlight-color" value="0" />
        <entry key="scrollbar-shadow-color" value="0" />
        <entry key="scrollbar-track-color" value="0" />
        <entry key="stack-sizing" value="0" />
        <entry key="svg-shadow" value="0" />
        <entry key="tab-size" value="0" />
        <entry key="table-baseline" value="0" />
        <entry key="text-align-last" value="0" />
        <entry key="text-autospace" value="0" />
        <entry key="text-blink" value="0" />
        <entry key="text-combine" value="0" />
        <entry key="text-decoration-color" value="0" />
        <entry key="text-decoration-line" value="0" />
        <entry key="text-decoration-style" value="0" />
        <entry key="text-decorations-in-effect" value="0" />
        <entry key="text-emphasis-color" value="0" />
        <entry key="text-emphasis-position" value="0" />
        <entry key="text-emphasis-style" value="0" />
        <entry key="text-fill-color" value="0" />
        <entry key="text-justify" value="0" />
        <entry key="text-kashida-space" value="0" />
        <entry key="text-orientation" value="0" />
        <entry key="text-overflow" value="0" />
        <entry key="text-security" value="0" />
        <entry key="text-size-adjust" value="0" />
        <entry key="text-stroke-color" value="0" />
        <entry key="text-stroke-width" value="0" />
        <entry key="text-underline-position" value="0" />
        <entry key="touch-action" value="0" />
        <entry key="transform" value="0" />
        <entry key="transform-origin" value="0" />
        <entry key="transform-origin-x" value="0" />
        <entry key="transform-origin-y" value="0" />
        <entry key="transform-origin-z" value="0" />
        <entry key="transform-style" value="0" />
        <entry key="transition" value="0" />
        <entry key="transition-delay" value="0" />
        <entry key="transition-duration" value="0" />
        <entry key="transition-property" value="0" />
        <entry key="transition-timing-function" value="0" />
        <entry key="user-drag" value="0" />
        <entry key="user-focus" value="0" />
        <entry key="user-input" value="0" />
        <entry key="user-modify" value="0" />
        <entry key="user-select" value="0" />
        <entry key="window-shadow" value="0" />
        <entry key="word-break" value="0" />
        <entry key="word-wrap" value="0" />
        <entry key="wrap-flow" value="0" />
        <entry key="wrap-margin" value="0" />
        <entry key="wrap-through" value="0" />
        <entry key="writing-mode" value="0" />
      </map>
    </option>
  </component>
</application>