<application>
  <component name="NodeJsLocalInterpreterManager">
    <local-interpreter path="$USER_HOME$/.nvm/versions/node/v20.10.0/bin/node">
      <version-cache version="20.10.0" last-modified="1700653329000" />
    </local-interpreter>
    <local-interpreter path="$USER_HOME$/.nvm/versions/node/v18.16.1/bin/node">
      <version-cache last-modified="0" />
    </local-interpreter>
    <local-interpreter path="$APPLICATION_CONFIG_DIR$/node/node-v18.15.0-linux-x64/bin/node">
      <version-cache version="18.15.0" last-modified="1701978147075" />
    </local-interpreter>
  </component>
</application>