<application>
  <component name="ProjectManager">
    <defaultProject>
      <component name="PropertiesComponent">{}</component>
      <component name="WindowStateProjectService">
        <state x="547" y="341" key="jetbrains.nodejs.interpreters-dialog" timestamp="1761785682274">
          <screen x="0" y="42" width="1920" height="1158" />
        </state>
        <state x="547" y="341" key="jetbrains.nodejs.interpreters-dialog/0.42.1920.1158" timestamp="1761785682274" />
      </component>
    </defaultProject>
  </component>
</application>