<application>
  <component name="ProjectManager">
    <defaultProject>
      <component name="PropertiesComponent">{}</component>
      <component name="WindowStateProjectService">
        <state x="642" y="231" key="FileChooserDialogImpl" timestamp="1750064564381">
          <screen x="0" y="38" width="1920" height="1107" />
        </state>
        <state x="642" y="231" key="FileChooserDialogImpl/0.38.1920.1107" timestamp="1750064564381" />
      </component>
    </defaultProject>
  </component>
</application>