<application>
  <component name="Trusted.Paths">
    <option name="TRUSTED_PROJECT_PATHS">
      <map>
        <entry key="$USER_HOME$/IdeaProjects/transactionservice/client" value="true" />
        <entry key="$USER_HOME$/IdeaProjects/transactionservice1/client" value="true" />
        <entry key="$USER_HOME$/WebstormProjects/3-animation" value="true" />
        <entry key="$USER_HOME$/WebstormProjects/StickerSmash" value="true" />
        <entry key="$USER_HOME$/WebstormProjects/airbnb-clone" value="true" />
        <entry key="$USER_HOME$/WebstormProjects/airbnb-clone-main" value="true" />
        <entry key="$USER_HOME$/WebstormProjects/betterauth-nextjs-prisma" value="true" />
        <entry key="$USER_HOME$/WebstormProjects/course-fizzi-next-main" value="true" />
        <entry key="$USER_HOME$/WebstormProjects/dei-detected-backend" value="true" />
        <entry key="$USER_HOME$/WebstormProjects/dei-detected-frontend" value="true" />
        <entry key="$USER_HOME$/WebstormProjects/figma_clone-main" value="true" />
        <entry key="$USER_HOME$/WebstormProjects/fizzidavi" value="true" />
        <entry key="$USER_HOME$/WebstormProjects/javascript-data-structure" value="true" />
        <entry key="$USER_HOME$/WebstormProjects/my-app" value="true" />
        <entry key="$USER_HOME$/WebstormProjects/my-better-t-app" value="true" />
        <entry key="$USER_HOME$/WebstormProjects/my-better-t-app-vue" value="true" />
        <entry key="$USER_HOME$/WebstormProjects/new-app" value="true" />
        <entry key="$USER_HOME$/WebstormProjects/next-16-fullstack-tamplates" value="true" />
        <entry key="$USER_HOME$/WebstormProjects/next-16-fullstack-template" value="true" />
        <entry key="$USER_HOME$/WebstormProjects/next-16-fullstack-templates" value="true" />
        <entry key="$USER_HOME$/WebstormProjects/next-expense-tracker" value="true" />
        <entry key="$USER_HOME$/WebstormProjects/next-figma" value="true" />
        <entry key="$USER_HOME$/WebstormProjects/next-fullstack-airbnb" value="true" />
        <entry key="$USER_HOME$/WebstormProjects/next-fullstack-restaurant-delivery" value="true" />
        <entry key="$USER_HOME$/WebstormProjects/next-fullstack-restaurant-delivery1" value="true" />
        <entry key="$USER_HOME$/WebstormProjects/next-go-transactions" value="true" />
        <entry key="$USER_HOME$/WebstormProjects/next-issue-tracker" value="true" />
        <entry key="$USER_HOME$/WebstormProjects/next-orpc-auth-polar-prisma" value="true" />
        <entry key="$USER_HOME$/WebstormProjects/next-orpc-auth-polar-prisma-example" value="true" />
        <entry key="$USER_HOME$/WebstormProjects/next-orpc-auth-prisma-example" value="true" />
        <entry key="$USER_HOME$/WebstormProjects/next-orpc-prisma" value="true" />
        <entry key="$USER_HOME$/WebstormProjects/next-orpc-prisma-example" value="true" />
        <entry key="$USER_HOME$/WebstormProjects/next-orpc-ticket-app" value="true" />
        <entry key="$USER_HOME$/WebstormProjects/next-ticket-app" value="true" />
        <entry key="$USER_HOME$/WebstormProjects/projeto_2" value="true" />
        <entry key="$USER_HOME$/WebstormProjects/react-node-expense-tracker" value="true" />
        <entry key="$USER_HOME$/WebstormProjects/reactstudy" value="true" />
        <entry key="$USER_HOME$/WebstormProjects/reacttictactoe" value="true" />
        <entry key="$USER_HOME$/WebstormProjects/rn-todo-app" value="true" />
        <entry key="$USER_HOME$/WebstormProjects/shoes" value="true" />
        <entry key="$USER_HOME$/WebstormProjects/storage_management_solution-main" value="true" />
        <entry key="$USER_HOME$/WebstormProjects/template-1" value="true" />
        <entry key="$USER_HOME$/WebstormProjects/templatefullstack" value="true" />
        <entry key="$USER_HOME$/WebstormProjects/uber" value="true" />
        <entry key="$USER_HOME$/WebstormProjects/ubuntu" value="true" />
        <entry key="$USER_HOME$/WebstormProjects/university-library-jsm-main" value="true" />
        <entry key="$USER_HOME$/WebstormProjects/untitled" value="true" />
        <entry key="$USER_HOME$/WebstormProjects/untitled1" value="true" />
        <entry key="$USER_HOME$/WebstormProjects/untitled2" value="true" />
        <entry key="$USER_HOME$/WebstormProjects/untitled3" value="true" />
      </map>
    </option>
  </component>
</application>