<application>
  <component name="DimensionService">
    <location key="find.popup.0.0.1920.1200@120dpi" x="659" y="162" />
    <location key="find.popup.0.0.1920.1200@144dpi" x="131" y="38" />
    <size key="GridCell.Tab.0.left.0.0.1920.1200@120dpi" width="1838" height="360" />
    <size key="GridCell.Tab.0.center.0.0.1920.1200@120dpi" width="1838" height="360" />
    <size key="GridCell.Tab.0.right.0.0.1920.1200@120dpi" width="1838" height="360" />
    <size key="GridCell.Tab.0.bottom.0.0.1920.1200@120dpi" width="1838" height="360" />
    <size key="find.popup.0.0.1920.1200@120dpi" width="796" height="636" />
    <size key="GridCell.Tab.1.left.0.0.1920.1200@120dpi" width="1838" height="432" />
    <size key="GridCell.Tab.1.center.0.0.1920.1200@120dpi" width="1838" height="432" />
    <size key="GridCell.Tab.1.right.0.0.1920.1200@120dpi" width="1838" height="432" />
    <size key="GridCell.Tab.1.bottom.0.0.1920.1200@120dpi" width="1838" height="432" />
    <size key="GridCell.Tab.2.left.0.0.1920.1200@120dpi" width="1838" height="432" />
    <size key="GridCell.Tab.2.center.0.0.1920.1200@120dpi" width="1838" height="432" />
    <size key="GridCell.Tab.2.right.0.0.1920.1200@120dpi" width="1838" height="432" />
    <size key="GridCell.Tab.2.bottom.0.0.1920.1200@120dpi" width="1838" height="432" />
    <size key="GridCell.Tab.3.left.0.0.1920.1200@120dpi" width="1838" height="432" />
    <size key="GridCell.Tab.3.center.0.0.1920.1200@120dpi" width="1838" height="432" />
    <size key="GridCell.Tab.3.right.0.0.1920.1200@120dpi" width="1838" height="432" />
    <size key="GridCell.Tab.3.bottom.0.0.1920.1200@120dpi" width="1838" height="432" />
    <size key="GridCell.Tab.0.left.0.0.1920.1200@144dpi" width="1298" height="282" />
    <size key="GridCell.Tab.0.center.0.0.1920.1200@144dpi" width="1298" height="282" />
    <size key="GridCell.Tab.0.right.0.0.1920.1200@144dpi" width="1298" height="282" />
    <size key="GridCell.Tab.0.bottom.0.0.1920.1200@144dpi" width="1298" height="282" />
    <size key="find.popup.0.0.1920.1200@144dpi" width="904" height="774" />
  </component>
  <component name="WindowManager">
    <frame x="0" y="38" width="1920" height="1107" extendedState="6" />
  </component>
  <component name="WindowStateApplicationService">
    <state x="642" y="210" key="FileChooserDialogImpl" timestamp="1750230882170">
      <screen x="0" y="38" width="1920" height="1107" />
    </state>
    <state x="642" y="210" key="FileChooserDialogImpl/0.38.1920.1107" timestamp="1750230882170" />
    <state width="676" height="173" key="ShowUsagesActions.dimensionServiceKey" timestamp="1750755244876">
      <screen x="0" y="38" width="1920" height="1107" />
    </state>
    <state width="676" height="173" key="ShowUsagesActions.dimensionServiceKey/0.38.1920.1107" timestamp="1750755244876" />
  </component>
</application>