<application>
  <component name="DimensionService">
    <location key="find.popup.0.0.1920.1200@120dpi" x="659" y="162" />
    <location key="find.popup.0.0.1920.1200@144dpi" x="586" y="177" />
    <size key="GridCell.Tab.0.left.0.0.1920.1200@120dpi" width="1838" height="360" />
    <size key="GridCell.Tab.0.center.0.0.1920.1200@120dpi" width="1838" height="360" />
    <size key="GridCell.Tab.0.right.0.0.1920.1200@120dpi" width="1838" height="360" />
    <size key="GridCell.Tab.0.bottom.0.0.1920.1200@120dpi" width="1838" height="360" />
    <size key="find.popup.0.0.1920.1200@120dpi" width="796" height="636" />
    <size key="GridCell.Tab.1.left.0.0.1920.1200@120dpi" width="1838" height="432" />
    <size key="GridCell.Tab.1.center.0.0.1920.1200@120dpi" width="1838" height="432" />
    <size key="GridCell.Tab.1.right.0.0.1920.1200@120dpi" width="1838" height="432" />
    <size key="GridCell.Tab.1.bottom.0.0.1920.1200@120dpi" width="1838" height="432" />
    <size key="GridCell.Tab.2.left.0.0.1920.1200@120dpi" width="1838" height="432" />
    <size key="GridCell.Tab.2.center.0.0.1920.1200@120dpi" width="1838" height="432" />
    <size key="GridCell.Tab.2.right.0.0.1920.1200@120dpi" width="1838" height="432" />
    <size key="GridCell.Tab.2.bottom.0.0.1920.1200@120dpi" width="1838" height="432" />
    <size key="GridCell.Tab.3.left.0.0.1920.1200@120dpi" width="1838" height="432" />
    <size key="GridCell.Tab.3.center.0.0.1920.1200@120dpi" width="1838" height="432" />
    <size key="GridCell.Tab.3.right.0.0.1920.1200@120dpi" width="1838" height="432" />
    <size key="GridCell.Tab.3.bottom.0.0.1920.1200@120dpi" width="1838" height="432" />
    <size key="GridCell.Tab.0.left.0.0.1920.1200@144dpi" width="1820" height="397" />
    <size key="GridCell.Tab.0.center.0.0.1920.1200@144dpi" width="1820" height="397" />
    <size key="GridCell.Tab.0.right.0.0.1920.1200@144dpi" width="1820" height="397" />
    <size key="GridCell.Tab.0.bottom.0.0.1920.1200@144dpi" width="1820" height="397" />
    <size key="find.popup.0.0.1920.1200@144dpi" width="946" height="788" />
  </component>
  <component name="WindowManager">
    <frame x="260" y="121" width="1400" height="1000" extendedState="6" />
  </component>
  <component name="WindowStateApplicationService">
    <state x="642" y="231" key="FileChooserDialogImpl" timestamp="1761873172580">
      <screen x="0" y="42" width="1920" height="1158" />
    </state>
    <state x="642" y="231" key="FileChooserDialogImpl/0.42.1920.1158" timestamp="1761873172580" />
    <state width="687" height="177" key="ShowUsagesActions.dimensionServiceKey" timestamp="1761870521349">
      <screen x="0" y="42" width="1920" height="1158" />
    </state>
    <state width="687" height="177" key="ShowUsagesActions.dimensionServiceKey/0.42.1920.1158" timestamp="1761870521349" />
    <state width="450" height="777" key="manage.recent.projects.popup" timestamp="1761784756647">
      <screen x="0" y="42" width="1920" height="1158" />
    </state>
    <state width="450" height="777" key="manage.recent.projects.popup/0.42.1920.1158" timestamp="1761784756647" />
  </component>
</application>