<application>
  <component name="DimensionService">
    <location key="find.popup.0.0.1920.1200@120dpi" x="659" y="162" />
    <location key="find.popup.0.0.1920.1200@144dpi" x="586" y="177" />
    <location key="find.popup.0.0.1920.1200@168dpi" x="548" y="42" />
    <size key="GridCell.Tab.0.left.0.0.1920.1200@120dpi" width="1838" height="360" />
    <size key="GridCell.Tab.0.center.0.0.1920.1200@120dpi" width="1838" height="360" />
    <size key="GridCell.Tab.0.right.0.0.1920.1200@120dpi" width="1838" height="360" />
    <size key="GridCell.Tab.0.bottom.0.0.1920.1200@120dpi" width="1838" height="360" />
    <size key="find.popup.0.0.1920.1200@120dpi" width="796" height="636" />
    <size key="GridCell.Tab.1.left.0.0.1920.1200@120dpi" width="1838" height="432" />
    <size key="GridCell.Tab.1.center.0.0.1920.1200@120dpi" width="1838" height="432" />
    <size key="GridCell.Tab.1.right.0.0.1920.1200@120dpi" width="1838" height="432" />
    <size key="GridCell.Tab.1.bottom.0.0.1920.1200@120dpi" width="1838" height="432" />
    <size key="GridCell.Tab.2.left.0.0.1920.1200@120dpi" width="1838" height="432" />
    <size key="GridCell.Tab.2.center.0.0.1920.1200@120dpi" width="1838" height="432" />
    <size key="GridCell.Tab.2.right.0.0.1920.1200@120dpi" width="1838" height="432" />
    <size key="GridCell.Tab.2.bottom.0.0.1920.1200@120dpi" width="1838" height="432" />
    <size key="GridCell.Tab.3.left.0.0.1920.1200@120dpi" width="1838" height="432" />
    <size key="GridCell.Tab.3.center.0.0.1920.1200@120dpi" width="1838" height="432" />
    <size key="GridCell.Tab.3.right.0.0.1920.1200@120dpi" width="1838" height="432" />
    <size key="GridCell.Tab.3.bottom.0.0.1920.1200@120dpi" width="1838" height="432" />
    <size key="GridCell.Tab.0.left.0.0.1920.1200@144dpi" width="1820" height="449" />
    <size key="GridCell.Tab.0.center.0.0.1920.1200@144dpi" width="1820" height="449" />
    <size key="GridCell.Tab.0.right.0.0.1920.1200@144dpi" width="1820" height="449" />
    <size key="GridCell.Tab.0.bottom.0.0.1920.1200@144dpi" width="1820" height="449" />
    <size key="find.popup.0.0.1920.1200@144dpi" width="946" height="788" />
    <size key="GridCell.Tab.1.left.0.0.1920.1200@144dpi" width="1469" height="508" />
    <size key="GridCell.Tab.1.center.0.0.1920.1200@144dpi" width="1469" height="508" />
    <size key="GridCell.Tab.1.right.0.0.1920.1200@144dpi" width="1469" height="508" />
    <size key="GridCell.Tab.1.bottom.0.0.1920.1200@144dpi" width="1469" height="508" />
    <size key="GridCell.Tab.0.left.0.0.1920.1200@168dpi" width="1804" height="409" />
    <size key="GridCell.Tab.0.center.0.0.1920.1200@168dpi" width="1804" height="409" />
    <size key="GridCell.Tab.0.right.0.0.1920.1200@168dpi" width="1804" height="409" />
    <size key="GridCell.Tab.0.bottom.0.0.1920.1200@168dpi" width="1804" height="409" />
    <size key="find.popup.0.0.1920.1200@168dpi" width="1073" height="896" />
  </component>
  <component name="WindowManager">
    <frame x="260" y="121" width="1400" height="1000" extendedState="6" />
  </component>
  <component name="WindowStateApplicationService">
    <state x="642" y="231" key="FileChooserDialogImpl" timestamp="1762746611149">
      <screen x="0" y="42" width="1920" height="1158" />
    </state>
    <state x="642" y="231" key="FileChooserDialogImpl.ideScale=110" timestamp="1763142418881">
      <screen x="0" y="42" width="1920" height="1158" />
    </state>
    <state x="642" y="231" key="FileChooserDialogImpl.ideScale=110/0.42.1920.1158" timestamp="1763142418881" />
    <state x="642" y="231" key="FileChooserDialogImpl/0.42.1920.1158" timestamp="1762746611149" />
    <state width="779" height="177" key="ShowUsagesActions.dimensionServiceKey" timestamp="1762755232940">
      <screen x="0" y="42" width="1920" height="1158" />
    </state>
    <state width="779" height="438" key="ShowUsagesActions.dimensionServiceKey.ideScale=110" timestamp="1763098681542">
      <screen x="0" y="42" width="1920" height="1158" />
    </state>
    <state width="779" height="438" key="ShowUsagesActions.dimensionServiceKey.ideScale=110/0.42.1920.1158" timestamp="1763098681542" />
    <state width="779" height="177" key="ShowUsagesActions.dimensionServiceKey/0.42.1920.1158" timestamp="1762755232940" />
    <state x="960" y="590" width="1200" height="975" key="WELCOME_SCREEN" timestamp="1762754244425">
      <screen x="0" y="42" width="1920" height="1158" />
    </state>
    <state x="960" y="617" width="1400" height="1138" key="WELCOME_SCREEN.ideScale=110" timestamp="1763207383493">
      <screen x="0" y="42" width="1920" height="1158" />
    </state>
    <state x="960" y="617" width="1400" height="1138" key="WELCOME_SCREEN.ideScale=110/0.42.1920.1158" timestamp="1763207383493" />
    <state x="960" y="590" width="1200" height="975" key="WELCOME_SCREEN/0.42.1920.1158" timestamp="1762754244425" />
    <state width="450" height="777" key="manage.recent.projects.popup" timestamp="1762505168593">
      <screen x="0" y="42" width="1920" height="1158" />
    </state>
    <state width="450" height="777" key="manage.recent.projects.popup/0.42.1920.1158" timestamp="1762505168593" />
  </component>
</application>