<code_scheme name="Default" version="173">
  <option name="OTHER_INDENT_OPTIONS">
    <value>
      <option name="INDENT_SIZE" value="2" />
      <option name="TAB_SIZE" value="2" />
    </value>
  </option>
  <JSCodeStyleSettings version="0">
    <option name="JSX_ATTRIBUTE_VALUE" value="Based on type" />
  </JSCodeStyleSettings>
  <codeStyleSettings language="CSS">
    <indentOptions>
      <option name="INDENT_SIZE" value="2" />
      <option name="CONTINUATION_INDENT_SIZE" value="4" />
      <option name="TAB_SIZE" value="2" />
    </indentOptions>
  </codeStyleSettings>
  <codeStyleSettings language="HTML">
    <indentOptions>
      <option name="INDENT_SIZE" value="2" />
      <option name="CONTINUATION_INDENT_SIZE" value="2" />
      <option name="TAB_SIZE" value="2" />
    </indentOptions>
  </codeStyleSettings>
  <codeStyleSettings language="JSON">
    <indentOptions>
      <option name="CONTINUATION_INDENT_SIZE" value="2" />
      <option name="TAB_SIZE" value="2" />
    </indentOptions>
  </codeStyleSettings>
  <codeStyleSettings language="JavaScript">
    <indentOptions>
      <option name="INDENT_SIZE" value="2" />
      <option name="CONTINUATION_INDENT_SIZE" value="2" />
      <option name="TAB_SIZE" value="2" />
    </indentOptions>
  </codeStyleSettings>
  <codeStyleSettings language="SASS">
    <indentOptions>
      <option name="TAB_SIZE" value="2" />
    </indentOptions>
  </codeStyleSettings>
  <codeStyleSettings language="SCSS">
    <indentOptions>
      <option name="CONTINUATION_INDENT_SIZE" value="2" />
      <option name="TAB_SIZE" value="2" />
    </indentOptions>
  </codeStyleSettings>
  <codeStyleSettings language="TypeScript">
    <indentOptions>
      <option name="INDENT_SIZE" value="2" />
      <option name="CONTINUATION_INDENT_SIZE" value="2" />
      <option name="TAB_SIZE" value="2" />
    </indentOptions>
  </codeStyleSettings>
  <codeStyleSettings language="XML">
    <indentOptions>
      <option name="INDENT_SIZE" value="2" />
      <option name="CONTINUATION_INDENT_SIZE" value="2" />
      <option name="TAB_SIZE" value="2" />
    </indentOptions>
  </codeStyleSettings>
</code_scheme>